{"stats":{"minecraft:picked_up":{"minecraft:book":66,"minecraft:stick":4,"spore:cerebrum":1,"minecraft:anvil":1,"minecraft:brown_wool":1,"minecraft:torch":13,"resourceful_zombie:diamon_flesh":1,"minecraft:porkchop":3,"paraglider:spirit_orb":22,"minecraft:brown_concrete":1,"minecraft:spruce_log":5,"minecraft:stone_bricks":4,"spore:mutated_fiber":3,"minecraft:hay_block":14,"minecraft:stone_pickaxe":1,"minecraft:oak_sapling":1,"minecraft:mutton":2,"resourceful_zombie:gold_flesh":3,"minecraft:coal":16,"minecraft:cobblestone":8},"minecraft:dropped":{"minecraft:stone_pickaxe":2},"minecraft:killed_by":{"minecraft:player":1,"minecraft:witch":1},"minecraft:mined":{"minecraft:hay_block":14,"minecraft:brown_concrete":1,"minecraft:spruce_log":8,"minecraft:blue_stained_glass":8,"minecraft:gray_stained_glass_pane":8,"minecraft:torch":6,"minecraft:bookshelf":22,"minecraft:coal_ore":16,"horror_element_mod:dead_cow":1,"minecraft:gray_stained_glass":2,"minecraft:white_stained_glass_pane":15,"minecraft:white_stained_glass":2,"minecraft:glass":6,"minecraft:stone_bricks":4,"minecraft:spruce_leaves":7,"minecraft:stone":2,"minecraft:wall_torch":4,"minecraft:spawner":11},"minecraft:custom":{"minecraft:time_since_rest":5056,"minecraft:sprint_one_cm":242791,"minecraft:damage_taken":569,"minecraft:walk_one_cm":393137,"minecraft:mob_kills":9,"minecraft:drop":2,"minecraft:damage_dealt":561,"minecraft:player_kills":1,"minecraft:interact_with_crafting_table":7,"minecraft:fly_one_cm":132844,"minecraft:open_barrel":2,"minecraft:open_chest":50,"minecraft:play_time":71747,"minecraft:deaths":3,"minecraft:sneak_time":7,"minecraft:walk_under_water_one_cm":303,"minecraft:jump":747,"minecraft:leave_game":1,"minecraft:time_since_death":6571,"minecraft:walk_on_water_one_cm":2891,"minecraft:sleep_in_bed":2,"minecraft:total_world_time":71747,"minecraft:climb_one_cm":46424,"minecraft:fall_one_cm":20738},"minecraft:used":{"minecraft:bread":3,"minecraft:stone_pickaxe":52,"minecraft:spruce_planks":2,"minecraft:chest":1,"minecraft:stone_bricks":4,"minecraft:stone_axe":64,"minecraft:torch":56,"zombie_extreme:crowbar":2,"minecraft:crafting_table":2,"minecraft:oak_sapling":1,"jeg:waterpipe_shotgun":14,"marbledsarsenal:stop_sign":19},"minecraft:killed":{"minecraft:sheep":1,"minecraft:pig":1,"resourceful_zombie:lapis_lazuli_zombie":1,"resourceful_zombie:gold_zombie":1},"minecraft:crafted":{"minecraft:crafting_table":2,"minecraft:spruce_planks":44,"minecraft:stick":36,"minecraft:stone_pickaxe":1,"minecraft:spruce_boat":1,"minecraft:torch":68,"minecraft:stone_axe":1}},"DataVersion":3465}