{"stats":{"minecraft:dropped":{"patchouli:guide_book":1},"minecraft:used":{"waystones:portstone":1,"dummmmmmy:target_dummy":1,"k_turrets:cobble_turret_item":4,"mteg:remington_870":3,"waystones:sharestone":2,"k_turrets:arrow_turret_item":5,"minecraft:grass_block":5,"minecraft:chest":5,"minecraft:stone":7,"minecraft:zombie_spawn_egg":8,"mteg:double_barrel":25,"bunker_down:airlock_iron_door":1,"jeg:scrap_workbench":3,"jeg:double_barrel_shotgun":38,"jeg:gunmetal_workbench":1,"paraglider:goddess_statue":1,"minecraft:dirt":1,"jeg:revolver":2,"jeg:custom_smg":5,"zombie_extreme:bandage":1,"minecraft:splash_potion":1},"minecraft:picked_up":{"firstaid:plaster":32,"bunker_down:brittle_pickaxe":1,"patchouli:guide_book":1,"bunker_down:underroot_stage_1":4,"sophisticatedbackpacks:backpack":1,"marbledsarsenal:hazmat_armor_helmet":1,"minecraft:poisonous_potato":3,"minecraft:redstone":1,"marbledsarsenal:stop_sign":1,"jeg:handmade_shell":64,"marbledsarsenal:hazmat_armor_leggings":1,"minecraft:bone":2,"k_turrets:arrow_turret_item":5,"minecraft:rotten_flesh":4,"minecraft:wheat_seeds":2,"waystones:waystone":1,"jeg:waterpipe_shotgun":1,"minecraft:cobweb":2,"marbledsarsenal:hazmat_armor_chestplate":1,"zombie_extreme:canned_food":16,"marbledsarsenal:hazmat_armor_boots":1},"minecraft:custom":{"minecraft:time_since_rest":37963,"minecraft:sprint_one_cm":2481,"minecraft:damage_taken":40,"minecraft:walk_one_cm":54854,"minecraft:mob_kills":6,"minecraft:drop":1,"minecraft:damage_dealt":0,"minecraft:fly_one_cm":57842,"minecraft:open_chest":75,"minecraft:crouch_one_cm":519,"minecraft:play_time":37963,"minecraft:sneak_time":674,"minecraft:jump":32,"minecraft:leave_game":1,"minecraft:time_since_death":37963,"minecraft:climb_one_cm":10116,"minecraft:total_world_time":49185},"minecraft:killed":{"minecraft:zombie":5}},"DataVersion":3465}