{"stats":{"minecraft:killed_by":{"minecraft:player":1,"zombie_extreme:night_hunter":1,"duckensinvasion:footsoldier_duck":1},"minecraft:used":{"sophisticatedbackpacks:backpack":1,"minecraft:bread":2,"minecraft:wooden_pickaxe":7,"minecraft:stone_bricks":2,"minecraft:dirt":1,"minecraft:crafting_table":2,"jeg:revolver":53},"minecraft:crafted":{"minecraft:crafting_table":1,"minecraft:spruce_planks":24,"minecraft:stick":4,"minecraft:wooden_pickaxe":1,"minecraft:bread":60,"minecraft:wheat":180},"minecraft:mined":{"minecraft:hay_block":20,"horror_element_mod:dead_experiment":1,"minecraft:glass_pane":2,"minecraft:quartz_block":2,"minecraft:redstone_torch":1,"minecraft:spruce_log":7,"demogorgon:blighted_log_hyphae":1,"minecraft:crafting_table":1,"vinery:taiga_grape_bush_red":1,"minecraft:grass_block":2,"horror_element_mod:dead_cow":1,"minecraft:spruce_leaves":4,"minecraft:stone_bricks":2,"sophisticatedbackpacks:backpack":1,"minecraft:fern":3,"minecraft:orange_carpet":1},"minecraft:killed":{"minecraft:skeleton":1,"duckensinvasion:armoured_duck":1,"zombie_extreme:night_hunter":1,"duckensinvasion:commaner_duckfighting":1,"minecraft:creeper":1},"minecraft:picked_up":{"minecraft:crafting_table":1,"minecraft:orange_carpet":1,"sophisticatedbackpacks:backpack":1,"minecraft:spruce_log":6,"vinery:taiga_grapes_red":2,"minecraft:gunpowder":1,"minecraft:dirt":2,"minecraft:quartz_block":2,"minecraft:rotten_flesh":8,"minecraft:stone_bricks":2,"minecraft:wheat_seeds":1,"demogorgon:blighted_log_hyphae":1,"minecraft:hay_block":20,"minecraft:stone_pickaxe":1,"spore:gas_mask":1},"minecraft:custom":{"minecraft:time_since_rest":4214,"minecraft:sprint_one_cm":62274,"minecraft:damage_taken":660,"minecraft:walk_one_cm":153748,"minecraft:mob_kills":5,"minecraft:damage_dealt_absorbed":80,"minecraft:interact_with_crafting_table":3,"minecraft:fly_one_cm":25162,"minecraft:open_barrel":1,"minecraft:open_chest":19,"minecraft:crouch_one_cm":202,"minecraft:play_time":32131,"minecraft:deaths":3,"minecraft:sneak_time":122,"minecraft:jump":203,"minecraft:leave_game":2,"minecraft:time_since_death":4152,"minecraft:total_world_time":32131,"minecraft:sleep_in_bed":1,"minecraft:climb_one_cm":29864,"minecraft:fall_one_cm":6462}},"DataVersion":3465}