{"stats":{"minecraft:picked_up":{"minecraft:enchanting_table":1,"paraglider:spirit_orb":8,"minecraft:string":1,"minecraft:smooth_stone_slab":2,"minecraft:spruce_planks":2,"zombie_extreme:barbed_fence":2,"spore:mutated_fiber":1,"minecraft:redstone_torch":2,"minecraft:poppy":1,"minecraft:chest":1,"resourceful_zombie:gold_flesh":3,"minecraft:stick":1,"spore:cerebrum":1,"minecraft:torch":10,"minecraft:spruce_log":21,"minecraft:coal":24,"minecraft:cobblestone":11},"minecraft:used":{"marbledsarsenal:sledgehammer":16,"minecraft:spruce_planks":2,"minecraft:torch":6,"farmersdelight:onion":2,"spore:gas_mask":1,"minecraft:crafting_table":1,"minecraft:redstone_torch":2,"minecraft:iron_pickaxe":45,"minecraft:stone_axe":37,"jeg:double_barrel_shotgun":13},"minecraft:killed":{"duckensinvasion:footsoldier_duck":2,"minecraft:spider":1,"resourceful_zombie:gold_zombie":1,"resourceful_zombie:coal_zombie":1,"spore:inf_villager":1,"duckensinvasion:archer_duck":1,"resourceful_zombie:diamond_zombie":1},"minecraft:mined":{"minecraft:light_blue_stained_glass_pane":2,"minecraft:spruce_planks":2,"minecraft:glass_pane":2,"minecraft:blue_stained_glass":6,"minecraft:torch":4,"minecraft:grass_block":1,"minecraft:gray_stained_glass":2,"minecraft:chest":3,"minecraft:white_stained_glass_pane":4,"minecraft:white_stained_glass":1,"zombie_extreme:barbed_fence":2,"minecraft:glass":4,"minecraft:spruce_leaves":17,"minecraft:wall_torch":1,"minecraft:spawner":4,"minecraft:light_blue_stained_glass":4,"minecraft:redstone_torch":2,"minecraft:fire":3,"minecraft:spruce_log":21,"minecraft:anvil":1,"minecraft:smooth_stone_slab":1,"minecraft:enchanting_table":1,"minecraft:coal_ore":24,"minecraft:dirt":1,"minecraft:stone":11},"minecraft:crafted":{"minecraft:crafting_table":1,"minecraft:spruce_planks":84,"minecraft:stone_axe":1,"minecraft:stick":32,"minecraft:iron_pickaxe":1},"minecraft:killed_by":{"minecraft:player":1,"minecraft:witch":1},"minecraft:dropped":{"minecraft:iron_sword":1,"minecraft:iron_helmet":1,"minecraft:cobblestone":6,"resourceful_zombie:gold_flesh":3,"minecraft:iron_boots":1,"spore:gas_mask":3,"spore:mutated_fiber":1,"minecraft:iron_chestplate":1,"minecraft:iron_leggings":1},"minecraft:custom":{"minecraft:interact_with_furnace":1,"minecraft:mob_kills":9,"minecraft:interact_with_crafting_table":2,"minecraft:leave_game":4,"minecraft:time_since_death":7839,"minecraft:sleep_in_bed":4,"minecraft:climb_one_cm":54411,"minecraft:time_since_rest":6327,"minecraft:sprint_one_cm":108240,"minecraft:damage_taken":968,"minecraft:walk_one_cm":453486,"minecraft:drop":18,"minecraft:damage_dealt":586,"minecraft:fly_one_cm":29136,"minecraft:player_kills":2,"minecraft:open_chest":32,"minecraft:crouch_one_cm":1067,"minecraft:play_time":78000,"minecraft:deaths":4,"minecraft:sneak_time":474,"minecraft:walk_under_water_one_cm":1682,"minecraft:jump":399,"minecraft:walk_on_water_one_cm":10385,"minecraft:total_world_time":78000,"minecraft:fall_one_cm":7876}},"DataVersion":3465}