{"stats":{"minecraft:killed_by":{"minecraft:player":1},"minecraft:used":{"marbledsarsenal:pipe_wrench":14,"jeg:custom_smg":2},"minecraft:dropped":{"resourceful_zombie:gold_flesh":1,"minecraft:grass_block":1,"vinery:taiga_grapes_white":1},"minecraft:killed":{"minecraft:cow":3},"minecraft:picked_up":{"firstaid:plaster":32,"marbledsarsenal:hazmat_armor_leggings":1,"jeg:pistol_ammo":256,"minecraft:leather":1,"jeg:custom_smg":1,"waystones:waystone":1,"marbledsarsenal:hazmat_armor_helmet":1,"sophisticatedbackpacks:backpack":1,"minecraft:beef":6,"marbledsarsenal:hazmat_armor_chestplate":1,"spore:gas_mask":1,"zombie_extreme:canned_food":16,"marbledsarsenal:hazmat_armor_boots":1,"minecraft:chest":1,"marbledsarsenal:pipe_wrench":1},"minecraft:custom":{"minecraft:time_since_rest":5329,"minecraft:damage_taken":126,"minecraft:play_time":12079,"minecraft:sprint_one_cm":10119,"minecraft:walk_one_cm":51547,"minecraft:deaths":1,"minecraft:sneak_time":8,"minecraft:mob_kills":3,"minecraft:drop":3,"minecraft:jump":32,"minecraft:damage_dealt":301,"minecraft:leave_game":3,"minecraft:time_since_death":5203,"minecraft:walk_on_water_one_cm":1548,"minecraft:total_world_time":12079,"minecraft:climb_one_cm":6483,"minecraft:fall_one_cm":1107,"minecraft:fly_one_cm":2023}},"DataVersion":3465}