{"stats":{"minecraft:picked_up":{"firstaid:plaster":32,"marbledsarsenal:hazmat_armor_leggings":1,"jeg:pistol_ammo":256,"jeg:custom_smg":1,"waystones:waystone":1,"marbledsarsenal:hazmat_armor_helmet":1,"sophisticatedbackpacks:backpack":1,"marbledsarsenal:hazmat_armor_chestplate":1,"spore:gas_mask":1,"zombie_extreme:canned_food":16,"marbledsarsenal:hazmat_armor_boots":1,"minecraft:chest":1,"marbledsarsenal:pipe_wrench":1},"minecraft:killed_by":{"minecraft:player":1},"minecraft:custom":{"minecraft:time_since_rest":3343,"minecraft:damage_taken":126,"minecraft:sprint_one_cm":5328,"minecraft:play_time":10093,"minecraft:deaths":1,"minecraft:walk_one_cm":38322,"minecraft:sneak_time":8,"minecraft:jump":24,"minecraft:damage_dealt":0,"minecraft:leave_game":1,"minecraft:time_since_death":3217,"minecraft:climb_one_cm":6483,"minecraft:total_world_time":10093,"minecraft:fall_one_cm":1107,"minecraft:fly_one_cm":1149},"minecraft:used":{"jeg:custom_smg":2}},"DataVersion":3465}